Store,Date,Type,y_pred,SPLH,IPLH,Hours_Forecast_Variable,Hours_Forecast_Baseline,Hours_Forecast
1,2012-09-07,A,1589077.4262778163,200.0,50.0,7945.387131389081,56.0,8001.387131389081
1,2012-09-14,A,1577514.773529937,200.0,50.0,7887.573867649685,56.0,7943.573867649685
1,2012-09-21,A,1547996.2184994689,200.0,50.0,7739.981092497344,56.0,7795.981092497344
1,2012-09-28,A,1517552.488085472,200.0,50.0,7587.76244042736,56.0,7643.76244042736
1,2012-10-05,A,1566358.1647113217,200.0,50.0,7831.790823556608,56.0,7887.790823556608
1,2012-10-12,A,1559238.9777084556,200.0,50.0,7796.194888542278,56.0,7852.194888542278
1,2012-10-19,A,1546039.1744145036,200.0,50.0,7730.195872072518,56.0,7786.195872072518
1,2012-10-26,A,1541182.575302409,200.0,50.0,7705.912876512045,56.0,7761.912876512045
2,2012-09-07,A,1863505.3551710236,200.0,50.0,9317.526775855118,56.0,9373.526775855118
2,2012-09-14,A,1846744.5839131088,200.0,50.0,9233.722919565544,56.0,9289.722919565544
2,2012-09-21,A,1844463.98896568,200.0,50.0,9222.3199448284,56.0,9278.3199448284
2,2012-09-28,A,1806987.973549896,200.0,50.0,9034.93986774948,56.0,9090.93986774948
2,2012-10-05,A,1859930.0507289623,200.0,50.0,9299.650253644812,56.0,9355.650253644812
2,2012-10-12,A,1882099.344784063,200.0,50.0,9410.496723920316,56.0,9466.496723920316
2,2012-10-19,A,1848655.9434031087,200.0,50.0,9243.279717015545,56.0,9299.279717015545
2,2012-10-26,A,1836132.2460488917,200.0,50.0,9180.66123024446,56.0,9236.66123024446
3,2012-09-07,B,414969.46460780286,180.0,45.0,2305.385914487794,56.0,2361.385914487794
3,2012-09-14,B,413043.199432269,180.0,45.0,2294.6844412903833,56.0,2350.6844412903833
3,2012-09-21,B,417461.1900144913,180.0,45.0,2319.2288334138407,56.0,2375.2288334138407
3,2012-09-28,B,406972.4680554415,180.0,45.0,2260.958155863564,56.0,2316.958155863564
3,2012-10-05,B,414086.1683366346,180.0,45.0,2300.478712981303,56.0,2356.478712981303
3,2012-10-12,B,412911.3850959422,180.0,45.0,2293.952139421901,56.0,2349.952139421901
3,2012-10-19,B,419877.146511663,180.0,45.0,2332.650813953683,56.0,2388.650813953683
3,2012-10-26,B,409026.13643309847,180.0,45.0,2272.367424628325,56.0,2328.367424628325
4,2012-09-07,A,2161863.881619697,200.0,50.0,10809.319408098485,56.0,10865.319408098485
4,2012-09-14,A,2147916.286796196,200.0,50.0,10739.58143398098,56.0,10795.58143398098
4,2012-09-21,A,2136015.9331146404,200.0,50.0,10680.079665573203,56.0,10736.079665573203
4,2012-09-28,A,2108399.20244441,200.0,50.0,10541.99601222205,56.0,10597.99601222205
4,2012-10-05,A,2160699.0353951696,200.0,50.0,10803.495176975848,56.0,10859.495176975848
4,2012-10-12,A,2148489.4002834084,200.0,50.0,10742.447001417042,56.0,10798.447001417042
4,2012-10-19,A,2146131.291247637,200.0,50.0,10730.656456238185,56.0,10786.656456238185
4,2012-10-26,A,2127705.924271685,200.0,50.0,10638.529621358426,56.0,10694.529621358426
5,2012-09-07,B,330061.47996082174,180.0,45.0,1833.6748886712319,56.0,1889.6748886712319
5,2012-09-14,B,334414.63975249464,180.0,45.0,1857.8591097360813,56.0,1913.8591097360813
5,2012-09-21,B,331983.53757541854,180.0,45.0,1844.352986530103,56.0,1900.352986530103
5,2012-09-28,B,323327.1395125194,180.0,45.0,1796.2618861806634,56.0,1852.2618861806634
5,2012-10-05,B,328102.2209582977,180.0,45.0,1822.7901164349873,56.0,1878.7901164349873
5,2012-10-12,B,332575.88914835965,180.0,45.0,1847.6438286019982,56.0,1903.6438286019982
5,2012-10-19,B,332545.1079732054,180.0,45.0,1847.4728220733632,56.0,1903.4728220733632
5,2012-10-26,B,330642.98452032154,180.0,45.0,1836.9054695573418,56.0,1892.9054695573418
6,2012-09-07,A,1577486.344603315,200.0,50.0,7887.431723016575,56.0,7943.431723016575
6,2012-09-14,A,1571235.7111159964,200.0,50.0,7856.178555579982,56.0,7912.178555579982
6,2012-09-21,A,1538564.7346426195,200.0,50.0,7692.823673213097,56.0,7748.823673213097
6,2012-09-28,A,1519859.2725643774,200.0,50.0,7599.296362821887,56.0,7655.296362821887
6,2012-10-05,A,1548131.8210349083,200.0,50.0,7740.659105174542,56.0,7796.659105174542
6,2012-10-12,A,1526778.7278842104,200.0,50.0,7633.893639421052,56.0,7689.893639421052
6,2012-10-19,A,1538108.9357962783,200.0,50.0,7690.544678981391,56.0,7746.544678981391
6,2012-10-26,A,1498410.2606184375,200.0,50.0,7492.0513030921875,56.0,7548.0513030921875
7,2012-09-07,B,622820.3400079485,180.0,45.0,3460.113000044158,56.0,3516.113000044158
7,2012-09-14,B,605714.1222813578,180.0,45.0,3365.078457118654,56.0,3421.078457118654
7,2012-09-21,B,607304.2214361944,180.0,45.0,3373.912341312191,56.0,3429.912341312191
7,2012-09-28,B,608289.2287708161,180.0,45.0,3379.3846042823116,56.0,3435.3846042823116
7,2012-10-05,B,592235.0934075785,180.0,45.0,3290.194963375436,56.0,3346.194963375436
7,2012-10-12,B,582842.2270361859,180.0,45.0,3238.012372423255,56.0,3294.012372423255
7,2012-10-19,B,590918.2338959752,180.0,45.0,3282.879077199862,56.0,3338.879077199862
7,2012-10-26,B,562860.6824663747,180.0,45.0,3127.0037914798595,56.0,3183.0037914798595
8,2012-09-07,A,928623.3738754424,200.0,50.0,4643.116869377212,56.0,4699.116869377212
8,2012-09-14,A,909140.628312741,200.0,50.0,4545.703141563706,56.0,4601.703141563706
8,2012-09-21,A,901759.6388573048,200.0,50.0,4508.798194286524,56.0,4564.798194286524
8,2012-09-28,A,895826.1735976681,200.0,50.0,4479.1308679883405,56.0,4535.1308679883405
8,2012-10-05,A,915961.5570050324,200.0,50.0,4579.807785025162,56.0,4635.807785025162
8,2012-10-12,A,918985.7405124704,200.0,50.0,4594.928702562352,56.0,4650.928702562352
8,2012-10-19,A,919987.6290116787,200.0,50.0,4599.938145058393,56.0,4655.938145058393
8,2012-10-26,A,907251.130744709,200.0,50.0,4536.255653723545,56.0,4592.255653723545
9,2012-09-07,B,568081.577447827,180.0,45.0,3156.008763599039,56.0,3212.008763599039
9,2012-09-14,B,563599.0164598284,180.0,45.0,3131.1056469990463,56.0,3187.1056469990463
9,2012-09-21,B,557193.782830028,180.0,45.0,3095.521015722378,56.0,3151.521015722378
9,2012-09-28,B,548224.8011345676,180.0,45.0,3045.6933396364866,56.0,3101.6933396364866
9,2012-10-05,B,556568.6067472742,180.0,45.0,3092.0478152626342,56.0,3148.0478152626342
9,2012-10-12,B,556562.955428917,180.0,45.0,3092.016419049539,56.0,3148.016419049539
9,2012-10-19,B,564322.3244866522,180.0,45.0,3135.1240249258453,56.0,3191.1240249258453
9,2012-10-26,B,565673.5830154755,180.0,45.0,3142.6310167526417,56.0,3198.6310167526417
10,2012-09-07,B,1761777.5781003148,180.0,45.0,9787.653211668416,56.0,9843.653211668416
10,2012-09-14,B,1762418.416319086,180.0,45.0,9791.213423994923,56.0,9847.213423994923
10,2012-09-21,B,1739363.883793386,180.0,45.0,9663.132687741034,56.0,9719.132687741034
10,2012-09-28,B,1719690.2051029704,180.0,45.0,9553.83447279428,56.0,9609.83447279428
10,2012-10-05,B,1777970.3795948746,180.0,45.0,9877.613219971525,56.0,9933.613219971525
10,2012-10-12,B,1764235.8893828827,180.0,45.0,9801.31049657157,56.0,9857.31049657157
10,2012-10-19,B,1731775.8823617997,180.0,45.0,9620.97712423222,56.0,9676.97712423222
10,2012-10-26,B,1782663.7722928715,180.0,45.0,9903.687623849286,56.0,9959.687623849286
11,2012-09-07,A,1380654.2569841314,200.0,50.0,6903.271284920657,56.0,6959.271284920657
11,2012-09-14,A,1343747.7774638345,200.0,50.0,6718.738887319172,56.0,6774.738887319172
11,2012-09-21,A,1338750.863755892,200.0,50.0,6693.75431877946,56.0,6749.75431877946
11,2012-09-28,A,1321213.0650001315,200.0,50.0,6606.065325000657,56.0,6662.065325000657
11,2012-10-05,A,1339035.6007258007,200.0,50.0,6695.178003629004,56.0,6751.178003629004
11,2012-10-12,A,1340522.00277526,200.0,50.0,6702.6100138763,56.0,6758.6100138763
11,2012-10-19,A,1336733.4374759712,200.0,50.0,6683.667187379856,56.0,6739.667187379856
11,2012-10-26,A,1341128.1853489382,200.0,50.0,6705.640926744691,56.0,6761.640926744691
12,2012-09-07,B,995836.505256578,180.0,45.0,5532.425029203211,56.0,5588.425029203211
12,2012-09-14,B,976426.591246407,180.0,45.0,5424.59217359115,56.0,5480.59217359115
12,2012-09-21,B,990337.4367467564,180.0,45.0,5501.8746485930915,56.0,5557.8746485930915
12,2012-09-28,B,941103.0895960452,180.0,45.0,5228.350497755807,56.0,5284.350497755807
12,2012-10-05,B,984228.0453376528,180.0,45.0,5467.933585209182,56.0,5523.933585209182
12,2012-10-12,B,971562.7117414356,180.0,45.0,5397.570620785753,56.0,5453.570620785753
12,2012-10-19,B,981046.8161473976,180.0,45.0,5450.260089707765,56.0,5506.260089707765
12,2012-10-26,B,1000384.9142028966,180.0,45.0,5557.69396779387,56.0,5613.69396779387
13,2012-09-07,A,2097126.3485192636,200.0,50.0,10485.631742596317,56.0,10541.631742596317
13,2012-09-14,A,2069013.4295790645,200.0,50.0,10345.067147895323,56.0,10401.067147895323
13,2012-09-21,A,2071584.244706632,200.0,50.0,10357.92122353316,56.0,10413.92122353316
13,2012-09-28,A,2045735.5939747065,200.0,50.0,10228.677969873532,56.0,10284.677969873532
13,2012-10-05,A,2094054.4642503243,200.0,50.0,10470.272321251621,56.0,10526.272321251621
13,2012-10-12,A,2093186.4267157973,200.0,50.0,10465.932133578986,56.0,10521.932133578986
13,2012-10-19,A,2080979.0619879337,200.0,50.0,10404.895309939668,56.0,10460.895309939668
13,2012-10-26,A,2103140.9894192405,200.0,50.0,10515.704947096203,56.0,10571.704947096203
14,2012-09-07,A,1669322.8118905711,200.0,50.0,8346.614059452855,56.0,8402.614059452855
14,2012-09-14,A,1672770.0067178523,200.0,50.0,8363.850033589262,56.0,8419.850033589262
14,2012-09-21,A,1695053.4146167985,200.0,50.0,8475.267073083993,56.0,8531.267073083993
14,2012-09-28,A,1665503.86014544,200.0,50.0,8327.519300727201,56.0,8383.519300727201
14,2012-10-05,A,1685152.2470254905,200.0,50.0,8425.761235127453,56.0,8481.761235127453
14,2012-10-12,A,1676920.8428073693,200.0,50.0,8384.604214036846,56.0,8440.604214036846
14,2012-10-19,A,1668843.2502362076,200.0,50.0,8344.216251181038,56.0,8400.216251181038
14,2012-10-26,A,1678793.3193147671,200.0,50.0,8393.966596573835,56.0,8449.966596573835
15,2012-09-07,B,622368.3261090238,180.0,45.0,3457.6018117167987,56.0,3513.6018117167987
15,2012-09-14,B,587147.8714004932,180.0,45.0,3261.932618891629,56.0,3317.932618891629
15,2012-09-21,B,577139.1492106802,180.0,45.0,3206.328606726001,56.0,3262.328606726001
15,2012-09-28,B,585409.9970094679,180.0,45.0,3252.2777611637107,56.0,3308.2777611637107
15,2012-10-05,B,579090.7841632315,180.0,45.0,3217.171023129064,56.0,3273.171023129064
15,2012-10-12,B,580583.2488047163,180.0,45.0,3225.462493359535,56.0,3281.462493359535
15,2012-10-19,B,588002.2278877768,180.0,45.0,3266.6790438209823,56.0,3322.6790438209823
15,2012-10-26,B,585209.9408096997,180.0,45.0,3251.1663378316653,56.0,3307.1663378316653
16,2012-09-07,B,548865.7580152962,180.0,45.0,3049.2542111960897,56.0,3105.2542111960897
16,2012-09-14,B,541667.6709822618,180.0,45.0,3009.264838790343,56.0,3065.264838790343
16,2012-09-21,B,533237.4064191884,180.0,45.0,2962.4300356621575,56.0,3018.4300356621575
16,2012-09-28,B,524644.424422791,180.0,45.0,2914.6912467932834,56.0,2970.6912467932834
16,2012-10-05,B,531343.6594793588,180.0,45.0,2951.909219329771,56.0,3007.909219329771
16,2012-10-12,B,528647.7518797921,180.0,45.0,2936.931954887734,56.0,2992.931954887734
16,2012-10-19,B,522394.0412644082,180.0,45.0,2902.1891181356013,56.0,2958.1891181356013
16,2012-10-26,B,521653.88221185806,180.0,45.0,2898.0771233992114,56.0,2954.0771233992114
17,2012-09-07,B,946084.8246159066,180.0,45.0,5256.026803421703,56.0,5312.026803421703
17,2012-09-14,B,927700.9448141318,180.0,45.0,5153.894137856288,56.0,5209.894137856288
17,2012-09-21,B,937737.5918212992,180.0,45.0,5209.653287896106,56.0,5265.653287896106
17,2012-09-28,B,915212.3553635472,180.0,45.0,5084.51308535304,56.0,5140.51308535304
17,2012-10-05,B,948966.1291352204,180.0,45.0,5272.034050751225,56.0,5328.034050751225
17,2012-10-12,B,964234.2506301611,180.0,45.0,5356.85694794534,56.0,5412.85694794534
17,2012-10-19,B,944644.8137250908,180.0,45.0,5248.026742917171,56.0,5304.026742917171
17,2012-10-26,B,968693.5416782934,180.0,45.0,5381.63078710163,56.0,5437.63078710163
18,2012-09-07,B,1023457.808572136,180.0,45.0,5685.876714289644,56.0,5741.876714289644
18,2012-09-14,B,1016396.9377072304,180.0,45.0,5646.649653929058,56.0,5702.649653929058
18,2012-09-21,B,1016815.9998855474,180.0,45.0,5648.97777714193,56.0,5704.97777714193
18,2012-09-28,B,983482.4006906514,180.0,45.0,5463.791114948063,56.0,5519.791114948063
18,2012-10-05,B,1027354.4267684344,180.0,45.0,5707.524593157968,56.0,5763.524593157968
18,2012-10-12,B,1033664.0475646206,180.0,45.0,5742.57804202567,56.0,5798.57804202567
18,2012-10-19,B,1044819.6061962362,180.0,45.0,5804.553367756868,56.0,5860.553367756868
18,2012-10-26,B,1028885.2101470352,180.0,45.0,5716.028945261307,56.0,5772.028945261307
19,2012-09-07,A,1420168.8762258857,200.0,50.0,7100.844381129428,56.0,7156.844381129428
19,2012-09-14,A,1376666.3146974065,200.0,50.0,6883.331573487032,56.0,6939.331573487032
19,2012-09-21,A,1376530.8978108305,200.0,50.0,6882.654489054153,56.0,6938.654489054153
19,2012-09-28,A,1351555.2132011715,200.0,50.0,6757.7760660058575,56.0,6813.7760660058575
19,2012-10-05,A,1420755.9627892375,200.0,50.0,7103.7798139461875,56.0,7159.7798139461875
19,2012-10-12,A,1417326.738336175,200.0,50.0,7086.633691680875,56.0,7142.633691680875
19,2012-10-19,A,1404724.2136594024,200.0,50.0,7023.621068297012,56.0,7079.621068297012
19,2012-10-26,A,1391082.3012098568,200.0,50.0,6955.411506049284,56.0,7011.411506049284
20,2012-09-07,A,2085784.976880092,200.0,50.0,10428.92488440046,56.0,10484.92488440046
20,2012-09-14,A,2060467.664931557,200.0,50.0,10302.338324657785,56.0,10358.338324657785
20,2012-09-21,A,2046336.27130792,200.0,50.0,10231.6813565396,56.0,10287.6813565396
20,2012-09-28,A,2013780.8352799383,200.0,50.0,10068.904176399692,56.0,10124.904176399692
20,2012-10-05,A,2057480.646257209,200.0,50.0,10287.403231286044,56.0,10343.403231286044
20,2012-10-12,A,2084248.785928988,200.0,50.0,10421.24392964494,56.0,10477.24392964494
20,2012-10-19,A,2060758.1421561143,200.0,50.0,10303.790710780571,56.0,10359.790710780571
20,2012-10-26,A,2067865.1812241164,200.0,50.0,10339.325906120583,56.0,10395.325906120583
21,2012-09-07,B,731811.8647949327,180.0,45.0,4065.621471082959,56.0,4121.621471082959
21,2012-09-14,B,712839.3393803594,180.0,45.0,3960.2185521131078,56.0,4016.2185521131078
21,2012-09-21,B,712458.5410484789,180.0,45.0,3958.103005824883,56.0,4014.103005824883
21,2012-09-28,B,711161.3857254721,180.0,45.0,3950.896587363734,56.0,4006.896587363734
21,2012-10-05,B,708225.0686101544,180.0,45.0,3934.583714500858,56.0,3990.583714500858
21,2012-10-12,B,704953.3640734287,180.0,45.0,3916.407578185715,56.0,3972.407578185715
21,2012-10-19,B,726793.4211494419,180.0,45.0,4037.7412286080103,56.0,4093.7412286080103
21,2012-10-26,B,725481.3227151261,180.0,45.0,4030.4517928618116,56.0,4086.4517928618116
22,2012-09-07,B,1004397.9508862589,180.0,45.0,5579.988616034771,56.0,5635.988616034771
22,2012-09-14,B,985654.7232306296,180.0,45.0,5475.859573503498,56.0,5531.859573503498
22,2012-09-21,B,993117.313622073,180.0,45.0,5517.318409011516,56.0,5573.318409011516
22,2012-09-28,B,949973.003290549,180.0,45.0,5277.627796058606,56.0,5333.627796058606
22,2012-10-05,B,987060.7222135752,180.0,45.0,5483.670678964307,56.0,5539.670678964307
22,2012-10-12,B,990068.846304608,180.0,45.0,5500.382479470045,56.0,5556.382479470045
22,2012-10-19,B,1027694.5135410036,180.0,45.0,5709.413964116687,56.0,5765.413964116687
22,2012-10-26,B,1012133.9159144664,180.0,45.0,5622.966199524813,56.0,5678.966199524813
23,2012-09-07,B,1462327.0255996848,180.0,45.0,8124.03903110936,56.0,8180.03903110936
23,2012-09-14,B,1416216.1292186072,180.0,45.0,7867.867384547818,56.0,7923.867384547818
23,2012-09-21,B,1405516.0774053135,180.0,45.0,7808.422652251742,56.0,7864.422652251742
23,2012-09-28,B,1376598.516864192,180.0,45.0,7647.7695381344,56.0,7703.7695381344
23,2012-10-05,B,1415973.007853449,180.0,45.0,7866.516710296939,56.0,7922.516710296939
23,2012-10-12,B,1443537.886848491,180.0,45.0,8019.65492693606,56.0,8075.65492693606
23,2012-10-19,B,1410569.4013135869,180.0,45.0,7836.496673964371,56.0,7892.496673964371
23,2012-10-26,B,1409402.809607408,180.0,45.0,7830.015608930044,56.0,7886.015608930044
24,2012-09-07,A,1407559.808426125,200.0,50.0,7037.799042130625,56.0,7093.799042130625
24,2012-09-14,A,1350995.4160862323,200.0,50.0,6754.977080431161,56.0,6810.977080431161
24,2012-09-21,A,1334706.6393185037,200.0,50.0,6673.533196592518,56.0,6729.533196592518
24,2012-09-28,A,1327113.2436473323,200.0,50.0,6635.566218236661,56.0,6691.566218236661
24,2012-10-05,A,1344021.534041324,200.0,50.0,6720.107670206619,56.0,6776.107670206619
24,2012-10-12,A,1337517.8021023409,200.0,50.0,6687.589010511704,56.0,6743.589010511704
24,2012-10-19,A,1360861.6694859443,200.0,50.0,6804.308347429722,56.0,6860.308347429722
24,2012-10-26,A,1334647.116148681,200.0,50.0,6673.235580743404,56.0,6729.235580743404
25,2012-09-07,B,721359.3869948242,180.0,45.0,4007.5521499712454,56.0,4063.5521499712454
25,2012-09-14,B,695631.8415559209,180.0,45.0,3864.6213419773385,56.0,3920.6213419773385
25,2012-09-21,B,702411.0775006557,180.0,45.0,3902.2837638925316,56.0,3958.2837638925316
25,2012-09-28,B,687747.3649188003,180.0,45.0,3820.818693993335,56.0,3876.818693993335
25,2012-10-05,B,699657.5358192655,180.0,45.0,3886.9863101070305,56.0,3942.9863101070305
25,2012-10-12,B,706624.6796915578,180.0,45.0,3925.6926649530988,56.0,3981.6926649530988
25,2012-10-19,B,714075.5232477278,180.0,45.0,3967.086240265154,56.0,4023.086240265154
25,2012-10-26,B,705043.2391870815,180.0,45.0,3916.906884372675,56.0,3972.906884372675
26,2012-09-07,A,1038976.2186878364,200.0,50.0,5194.881093439182,56.0,5250.881093439182
26,2012-09-14,A,1025916.958059146,200.0,50.0,5129.584790295729,56.0,5185.584790295729
26,2012-09-21,A,1007768.1188915552,200.0,50.0,5038.840594457776,56.0,5094.840594457776
26,2012-09-28,A,988074.1017981424,200.0,50.0,4940.370508990713,56.0,4996.370508990713
26,2012-10-05,A,1016693.2481908288,200.0,50.0,5083.466240954144,56.0,5139.466240954144
26,2012-10-12,A,1004126.7818590424,200.0,50.0,5020.633909295212,56.0,5076.633909295212
26,2012-10-19,A,1018228.1003276154,200.0,50.0,5091.140501638077,56.0,5147.140501638077
26,2012-10-26,A,993720.0158358184,200.0,50.0,4968.600079179092,56.0,5024.600079179092
27,2012-09-07,A,1745262.6206628454,200.0,50.0,8726.313103314227,56.0,8782.313103314227
27,2012-09-14,A,1682864.3745845505,200.0,50.0,8414.321872922752,56.0,8470.321872922752
27,2012-09-21,A,1708835.011421278,200.0,50.0,8544.17505710639,56.0,8600.17505710639
27,2012-09-28,A,1696022.4162711438,200.0,50.0,8480.112081355719,56.0,8536.112081355719
27,2012-10-05,A,1698264.9263521477,200.0,50.0,8491.324631760739,56.0,8547.324631760739
27,2012-10-12,A,1683726.9676763276,200.0,50.0,8418.634838381638,56.0,8474.634838381638
27,2012-10-19,A,1690421.100974596,200.0,50.0,8452.105504872981,56.0,8508.105504872981
27,2012-10-26,A,1673595.788583273,200.0,50.0,8367.978942916365,56.0,8423.978942916365
28,2012-09-07,A,1320778.973853831,200.0,50.0,6603.894869269155,56.0,6659.894869269155
28,2012-09-14,A,1274000.4965666465,200.0,50.0,6370.0024828332325,56.0,6426.0024828332325
28,2012-09-21,A,1264848.4584776352,200.0,50.0,6324.242292388176,56.0,6380.242292388176
28,2012-09-28,A,1231248.6382880388,200.0,50.0,6156.243191440194,56.0,6212.243191440194
28,2012-10-05,A,1302007.1436440968,200.0,50.0,6510.035718220484,56.0,6566.035718220484
28,2012-10-12,A,1296107.942961013,200.0,50.0,6480.539714805065,56.0,6536.539714805065
28,2012-10-19,A,1244496.621091569,200.0,50.0,6222.483105457845,56.0,6278.483105457845
28,2012-10-26,A,1248214.3323398952,200.0,50.0,6241.071661699476,56.0,6297.071661699476
29,2012-09-07,B,546415.4025427885,180.0,45.0,3035.6411252377143,56.0,3091.6411252377143
29,2012-09-14,B,539828.4160142114,180.0,45.0,2999.0467556345075,56.0,3055.0467556345075
29,2012-09-21,B,526812.3737830413,180.0,45.0,2926.7354099057848,56.0,2982.7354099057848
29,2012-09-28,B,529695.4690741089,180.0,45.0,2942.7526059672714,56.0,2998.7526059672714
29,2012-10-05,B,537573.3588027076,180.0,45.0,2986.5186600150423,56.0,3042.5186600150423
29,2012-10-12,B,524567.7464954483,180.0,45.0,2914.265258308046,56.0,2970.265258308046
29,2012-10-19,B,544377.1541601381,180.0,45.0,3024.3175231118785,56.0,3080.3175231118785
29,2012-10-26,B,526740.5665192065,180.0,45.0,2926.3364806622585,56.0,2982.3364806622585
30,2012-09-07,C,427861.8546045725,150.0,40.0,2852.4123640304833,56.0,2908.4123640304833
30,2012-09-14,C,427294.5201099551,150.0,40.0,2848.630134066367,56.0,2904.630134066367
30,2012-09-21,C,425810.44319406257,150.0,40.0,2838.736287960417,56.0,2894.736287960417
30,2012-09-28,C,422943.9822918025,150.0,40.0,2819.6265486120164,56.0,2875.6265486120164
30,2012-10-05,C,429254.5816566408,150.0,40.0,2861.697211044272,56.0,2917.697211044272
30,2012-10-12,C,430180.92505329935,150.0,40.0,2867.8728336886625,56.0,2923.8728336886625
30,2012-10-19,C,430221.6355667952,150.0,40.0,2868.144237111968,56.0,2924.144237111968
30,2012-10-26,C,428187.0180986412,150.0,40.0,2854.580120657608,56.0,2910.580120657608
31,2012-09-07,A,1429799.5449063906,200.0,50.0,7148.997724531953,56.0,7204.997724531953
31,2012-09-14,A,1377336.8806782886,200.0,50.0,6886.684403391443,56.0,6942.684403391443
31,2012-09-21,A,1376649.3810765438,200.0,50.0,6883.246905382719,56.0,6939.246905382719
31,2012-09-28,A,1351311.81930082,200.0,50.0,6756.559096504099,56.0,6812.559096504099
31,2012-10-05,A,1377058.8109254208,200.0,50.0,6885.294054627104,56.0,6941.294054627104
31,2012-10-12,A,1379303.027189771,200.0,50.0,6896.515135948855,56.0,6952.515135948855
31,2012-10-19,A,1391465.115057691,200.0,50.0,6957.325575288455,56.0,7013.325575288455
31,2012-10-26,A,1391421.7866606957,200.0,50.0,6957.108933303479,56.0,7013.108933303479
32,2012-09-07,A,1212767.2056429184,200.0,50.0,6063.836028214591,56.0,6119.836028214591
32,2012-09-14,A,1209523.9844562626,200.0,50.0,6047.619922281313,56.0,6103.619922281313
32,2012-09-21,A,1202130.0638965108,200.0,50.0,6010.650319482554,56.0,6066.650319482554
32,2012-09-28,A,1201069.9930394662,200.0,50.0,6005.349965197331,56.0,6061.349965197331
32,2012-10-05,A,1226568.458340982,200.0,50.0,6132.84229170491,56.0,6188.84229170491
32,2012-10-12,A,1222820.9522363003,200.0,50.0,6114.104761181502,56.0,6170.104761181502
32,2012-10-19,A,1201963.1378767772,200.0,50.0,6009.815689383886,56.0,6065.815689383886
32,2012-10-26,A,1199898.371264564,200.0,50.0,5999.49185632282,56.0,6055.49185632282
33,2012-09-07,A,267941.8453095265,200.0,50.0,1339.7092265476324,56.0,1395.7092265476324
33,2012-09-14,A,270967.7561371145,200.0,50.0,1354.8387806855724,56.0,1410.8387806855724
33,2012-09-21,A,268330.16583693604,200.0,50.0,1341.65082918468,56.0,1397.65082918468
33,2012-09-28,A,258898.9839131181,200.0,50.0,1294.4949195655906,56.0,1350.4949195655906
33,2012-10-05,A,267333.12791468657,200.0,50.0,1336.6656395734328,56.0,1392.6656395734328
33,2012-10-12,A,269808.4353839694,200.0,50.0,1349.042176919847,56.0,1405.042176919847
33,2012-10-19,A,270496.01654052426,200.0,50.0,1352.4800827026213,56.0,1408.4800827026213
33,2012-10-26,A,267611.221795794,200.0,50.0,1338.0561089789699,56.0,1394.0561089789699
34,2012-09-07,A,978504.9228809417,200.0,50.0,4892.524614404709,56.0,4948.524614404709
34,2012-09-14,A,950033.6462298812,200.0,50.0,4750.168231149406,56.0,4806.168231149406
34,2012-09-21,A,947172.1575498462,200.0,50.0,4735.860787749231,56.0,4791.860787749231
34,2012-09-28,A,933931.174608912,200.0,50.0,4669.6558730445595,56.0,4725.6558730445595
34,2012-10-05,A,977650.7892898162,200.0,50.0,4888.253946449081,56.0,4944.253946449081
34,2012-10-12,A,961906.6727445046,200.0,50.0,4809.533363722523,56.0,4865.533363722523
34,2012-10-19,A,966584.7110394188,200.0,50.0,4832.923555197094,56.0,4888.923555197094
34,2012-10-26,A,956778.3130963644,200.0,50.0,4783.891565481822,56.0,4839.891565481822
35,2012-09-07,B,906121.9662215592,180.0,45.0,5034.010923453106,56.0,5090.010923453106
35,2012-09-14,B,867802.8338196173,180.0,45.0,4821.126854553429,56.0,4877.126854553429
35,2012-09-21,B,873721.2222419307,180.0,45.0,4854.006790232948,56.0,4910.006790232948
35,2012-09-28,B,880744.1305458246,180.0,45.0,4893.022947476804,56.0,4949.022947476804
35,2012-10-05,B,872284.871351077,180.0,45.0,4846.027063061539,56.0,4902.027063061539
35,2012-10-12,B,881413.1480780281,180.0,45.0,4896.739711544601,56.0,4952.739711544601
35,2012-10-19,B,876065.5755516046,180.0,45.0,4867.030975286692,56.0,4923.030975286692
35,2012-10-26,B,869066.7478756362,180.0,45.0,4828.14859930909,56.0,4884.14859930909
36,2012-09-07,A,305613.8314672459,200.0,50.0,1528.0691573362294,56.0,1584.0691573362294
36,2012-09-14,A,305214.13353981683,200.0,50.0,1526.0706676990842,56.0,1582.0706676990842
36,2012-09-21,A,304457.7935301376,200.0,50.0,1522.2889676506882,56.0,1578.2889676506882
36,2012-09-28,A,302538.6874762048,200.0,50.0,1512.693437381024,56.0,1568.693437381024
36,2012-10-05,A,306452.5701986883,200.0,50.0,1532.2628509934416,56.0,1588.2628509934416
36,2012-10-12,A,305009.97443452216,200.0,50.0,1525.0498721726108,56.0,1581.0498721726108
36,2012-10-19,A,304955.814705326,200.0,50.0,1524.7790735266299,56.0,1580.7790735266299
36,2012-10-26,A,306387.19315511297,200.0,50.0,1531.935965775565,56.0,1587.935965775565
37,2012-09-07,C,531049.6794855921,150.0,40.0,3540.331196570614,56.0,3596.331196570614
37,2012-09-14,C,518712.29551509325,150.0,40.0,3458.0819701006217,56.0,3514.0819701006217
37,2012-09-21,C,517790.141865912,150.0,40.0,3451.93427910608,56.0,3507.93427910608
37,2012-09-28,C,513175.82133030833,150.0,40.0,3421.1721422020555,56.0,3477.1721422020555
37,2012-10-05,C,522444.2055588308,150.0,40.0,3482.9613703922055,56.0,3538.9613703922055
37,2012-10-12,C,522950.1311817202,150.0,40.0,3486.3342078781347,56.0,3542.3342078781347
37,2012-10-19,C,525216.059529893,150.0,40.0,3501.440396865953,56.0,3557.440396865953
37,2012-10-26,C,519605.073079878,150.0,40.0,3464.03382053252,56.0,3520.03382053252
38,2012-09-07,C,440317.20295416407,150.0,40.0,2935.4480196944273,56.0,2991.4480196944273
38,2012-09-14,C,434672.6011709129,150.0,40.0,2897.8173411394196,56.0,2953.8173411394196
38,2012-09-21,C,425532.31397822703,150.0,40.0,2836.88209318818,56.0,2892.88209318818
38,2012-09-28,C,420745.10321529815,150.0,40.0,2804.9673547686543,56.0,2860.9673547686543
38,2012-10-05,C,434789.7337675337,150.0,40.0,2898.598225116891,56.0,2954.598225116891
38,2012-10-12,C,433577.0580913856,150.0,40.0,2890.513720609237,56.0,2946.513720609237
38,2012-10-19,C,437808.577744737,150.0,40.0,2918.7238516315797,56.0,2974.7238516315797
38,2012-10-26,C,429494.0869841015,150.0,40.0,2863.293913227343,56.0,2919.293913227343
39,2012-09-07,A,1600714.5314950848,200.0,50.0,8003.5726574754235,56.0,8059.5726574754235
39,2012-09-14,A,1561417.042155256,200.0,50.0,7807.08521077628,56.0,7863.08521077628
39,2012-09-21,A,1570124.1368040538,200.0,50.0,7850.6206840202685,56.0,7906.6206840202685
39,2012-09-28,A,1542964.024549855,200.0,50.0,7714.820122749275,56.0,7770.820122749275
39,2012-10-05,A,1585274.646403541,200.0,50.0,7926.373232017705,56.0,7982.373232017705
39,2012-10-12,A,1562537.8003746876,200.0,50.0,7812.689001873438,56.0,7868.689001873438
39,2012-10-19,A,1577573.2431073403,200.0,50.0,7887.866215536702,56.0,7943.866215536702
39,2012-10-26,A,1545329.6109856863,200.0,50.0,7726.6480549284315,56.0,7782.6480549284315
40,2012-09-07,A,992778.575229776,200.0,50.0,4963.89287614888,56.0,5019.89287614888
40,2012-09-14,A,978945.0695507844,200.0,50.0,4894.7253477539225,56.0,4950.7253477539225
40,2012-09-21,A,956246.807484241,200.0,50.0,4781.234037421204,56.0,4837.234037421204
40,2012-09-28,A,941086.516748366,200.0,50.0,4705.43258374183,56.0,4761.43258374183
40,2012-10-05,A,975879.24484738,200.0,50.0,4879.3962242369,56.0,4935.3962242369
40,2012-10-12,A,977192.481477515,200.0,50.0,4885.962407387575,56.0,4941.962407387575
40,2012-10-19,A,982925.2668285572,200.0,50.0,4914.626334142787,56.0,4970.626334142787
40,2012-10-26,A,961530.567407904,200.0,50.0,4807.65283703952,56.0,4863.65283703952
41,2012-09-07,A,1433654.9132607912,200.0,50.0,7168.274566303956,56.0,7224.274566303956
41,2012-09-14,A,1373569.2082050936,200.0,50.0,6867.846041025468,56.0,6923.846041025468
41,2012-09-21,A,1365748.0812866308,200.0,50.0,6828.740406433154,56.0,6884.740406433154
41,2012-09-28,A,1356122.802512325,200.0,50.0,6780.614012561626,56.0,6836.614012561626
41,2012-10-05,A,1382854.065984039,200.0,50.0,6914.270329920196,56.0,6970.270329920196
41,2012-10-12,A,1380788.9344820818,200.0,50.0,6903.944672410409,56.0,6959.944672410409
41,2012-10-19,A,1379972.8860860677,200.0,50.0,6899.864430430338,56.0,6955.864430430338
41,2012-10-26,A,1373336.1179173735,200.0,50.0,6866.680589586867,56.0,6922.680589586867
42,2012-09-07,C,584273.9422398227,150.0,40.0,3895.1596149321513,56.0,3951.1596149321513
42,2012-09-14,C,575309.0297678008,150.0,40.0,3835.393531785339,56.0,3891.393531785339
42,2012-09-21,C,555014.13127791,150.0,40.0,3700.0942085193997,56.0,3756.0942085193997
42,2012-09-28,C,539358.5169151397,150.0,40.0,3595.7234461009316,56.0,3651.7234461009316
42,2012-10-05,C,573708.6318516902,150.0,40.0,3824.7242123446017,56.0,3880.7242123446017
42,2012-10-12,C,581292.0191762425,150.0,40.0,3875.280127841617,56.0,3931.280127841617
42,2012-10-19,C,569382.5620453672,150.0,40.0,3795.883746969115,56.0,3851.883746969115
42,2012-10-26,C,541741.3054209593,150.0,40.0,3611.608702806395,56.0,3667.608702806395
43,2012-09-07,C,613566.0812229252,150.0,40.0,4090.440541486168,56.0,4146.4405414861685
43,2012-09-14,C,614362.613097915,150.0,40.0,4095.7507539861,56.0,4151.7507539861
43,2012-09-21,C,606868.1637792999,150.0,40.0,4045.7877585286665,56.0,4101.787758528666
43,2012-09-28,C,593653.4685532451,150.0,40.0,3957.689790354967,56.0,4013.689790354967
43,2012-10-05,C,607475.1069273164,150.0,40.0,4049.8340461821094,56.0,4105.83404618211
43,2012-10-12,C,612398.7209971325,150.0,40.0,4082.6581399808833,56.0,4138.658139980884
43,2012-10-19,C,613102.1185943289,150.0,40.0,4087.3474572955256,56.0,4143.347457295526
43,2012-10-26,C,602330.4409809026,150.0,40.0,4015.5362732060175,56.0,4071.5362732060175
44,2012-09-07,C,344737.2196530364,150.0,40.0,2298.2481310202425,56.0,2354.2481310202425
44,2012-09-14,C,336269.4065906921,150.0,40.0,2241.7960439379476,56.0,2297.7960439379476
44,2012-09-21,C,334674.79309998633,150.0,40.0,2231.1652873332423,56.0,2287.1652873332423
44,2012-09-28,C,334652.9703306401,150.0,40.0,2231.0198022042673,56.0,2287.0198022042673
44,2012-10-05,C,335962.0610311712,150.0,40.0,2239.747073541141,56.0,2295.747073541141
44,2012-10-12,C,338324.81584311934,150.0,40.0,2255.498772287462,56.0,2311.498772287462
44,2012-10-19,C,336737.5632425369,150.0,40.0,2244.9170882835792,56.0,2300.9170882835792
44,2012-10-26,C,333863.613892871,150.0,40.0,2225.7574259524736,56.0,2281.7574259524736
45,2012-09-07,B,761085.7861759082,180.0,45.0,4228.2543676439345,56.0,4284.2543676439345
45,2012-09-14,B,736440.8330645178,180.0,45.0,4091.3379614695436,56.0,4147.337961469544
45,2012-09-21,B,740417.8011328939,180.0,45.0,4113.432228516077,56.0,4169.432228516077
45,2012-09-28,B,730727.9303995594,180.0,45.0,4059.599613330886,56.0,4115.599613330885
45,2012-10-05,B,734862.8844854874,180.0,45.0,4082.5715804749298,56.0,4138.57158047493
45,2012-10-12,B,748926.9161813878,180.0,45.0,4160.705089896599,56.0,4216.705089896599
45,2012-10-19,B,747585.9077421647,180.0,45.0,4153.255043012026,56.0,4209.255043012026
45,2012-10-26,B,762063.9725928084,180.0,45.0,4233.688736626714,56.0,4289.688736626714
